Video ID,Emotion_Percentages,Dominant Emotion
-TeeIEh2IE8,"{'joy': 26.497638578175494, 'anticipation': 17.946805866268953, 'trust': 16.55480984340045, 'surprise': 10.676112353964703, 'sadness': 10.017399950285856, 'disgust': 6.13969674372359, 'fear': 6.102411135968183, 'anger': 6.065125528212777}",anticipation
-zkOLKMiX9c,"{'joy': 37.34110169491525, 'trust': 17.002118644067796, 'anticipation': 15.51906779661017, 'surprise': 8.315677966101696, 'sadness': 7.680084745762712, 'fear': 5.031779661016949, 'disgust': 4.713983050847458, 'anger': 4.396186440677966}",joy
0K9eZCW-lvc,"{'joy': 35.56686457449816, 'trust': 20.243143907266045, 'anticipation': 16.20016963528414, 'surprise': 9.188577890867968, 'sadness': 6.502685891998869, 'disgust': 4.467062482329657, 'fear': 4.26915465083404, 'anger': 3.5623409669211195}",joy
0_BEwbnmRZ4,"{'joy': 29.987569919204475, 'trust': 15.351149782473586, 'anticipation': 13.175885643256683, 'sadness': 10.596643878185208, 'surprise': 9.633312616532006, 'fear': 8.110627719080174, 'anger': 7.147296457426973, 'disgust': 5.997513983840895}",surprise
5WH-PSs9hI8,"{'joy': 40.27269704023944, 'trust': 18.656468240771535, 'anticipation': 15.729963418689724, 'surprise': 7.959206296419466, 'sadness': 5.786498170934486, 'anger': 4.223478550049883, 'disgust': 3.7246425008313935, 'fear': 3.6470457820640725}",joy
5vNoHwgoIjw,"{'joy': 34.00600835945664, 'trust': 18.24712643678161, 'anticipation': 16.30094043887147, 'surprise': 8.581504702194358, 'sadness': 6.772466039707418, 'fear': 5.910397074190177, 'anger': 5.172413793103448, 'disgust': 5.00914315569488}",joy
5zvsAwsEwPg,"{'joy': 46.72479795831561, 'trust': 18.43896214376861, 'anticipation': 14.908549553381539, 'surprise': 8.54955338153977, 'sadness': 5.7422373458102935, 'fear': 2.4457677584006805, 'disgust': 1.6801361122926413, 'anger': 1.5099957464908549}",joy
7R2RyqU4hjI,"{'joy': 26.590974143688577, 'trust': 18.43335559584009, 'anticipation': 16.067169163247783, 'surprise': 10.97223547371434, 'sadness': 8.625131189771968, 'fear': 7.060395000477055, 'anger': 6.440225169354069, 'disgust': 5.810514263906116}",surprise
7Z76MiQv0zg,"{'joy': 34.947253184713375, 'trust': 18.864450636942674, 'anticipation': 15.724522292993631, 'surprise': 10.434912420382165, 'sadness': 6.374402866242038, 'disgust': 5.000995222929936, 'anger': 4.796974522292994, 'fear': 3.8564888535031843}",joy
7cGmj0AR3z8,"{'joy': 29.03225806451613, 'trust': 17.105263157894736, 'anticipation': 15.449915110356535, 'sadness': 9.168081494057725, 'surprise': 8.064516129032258, 'anger': 7.555178268251274, 'fear': 7.130730050933787, 'disgust': 6.494057724957555}",sadness
80z6drP0NY8,"{'joy': 21.535631188788486, 'anticipation': 18.857204696715545, 'trust': 18.500081164439152, 'sadness': 9.577403820139603, 'fear': 8.62507440073589, 'anger': 8.403224933715709, 'disgust': 7.380553000378767, 'surprise': 7.120826795086846}",anticipation
8MkcEzfyCFM,"{'joy': 29.445783132530117, 'anticipation': 17.927710843373493, 'trust': 16.289156626506024, 'surprise': 11.6144578313253, 'sadness': 10.891566265060241, 'anger': 5.204819277108434, 'fear': 4.626506024096385, 'disgust': 4.0}",anticipation
9KapEXWynrA,"{'joy': 36.55849056603774, 'trust': 18.369811320754717, 'anticipation': 16.0, 'surprise': 7.9245283018867925, 'sadness': 6.173584905660377, 'fear': 5.313207547169811, 'disgust': 4.845283018867925, 'anger': 4.815094339622641}",joy
9OvibwfflDg,"{'joy': 40.878309049866616, 'trust': 16.765852657500513, 'anticipation': 14.487995074902523, 'surprise': 7.757028524522881, 'sadness': 5.992201928996511, 'anger': 5.1713523496819205, 'disgust': 4.719885081058896, 'fear': 4.227375333470142}",joy
9p9sGtV4UoU,"{'joy': 33.771186440677965, 'trust': 17.415254237288135, 'anticipation': 15.76271186440678, 'surprise': 9.152542372881356, 'sadness': 7.584745762711864, 'disgust': 7.203389830508475, 'anger': 4.745762711864407, 'fear': 4.364406779661016}",joy
ATGZ58IRwfE,"{'joy': 38.06949806949807, 'trust': 16.80823680823681, 'anticipation': 15.804375804375804, 'surprise': 8.674388674388675, 'sadness': 6.048906048906049, 'fear': 4.967824967824968, 'anger': 4.864864864864865, 'disgust': 4.761904761904762}",joy
AkTkUOOCZ-w,"{'joy': 33.022533022533025, 'trust': 19.114219114219114, 'anticipation': 15.306915306915306, 'surprise': 9.013209013209012, 'sadness': 7.614607614607614, 'fear': 5.827505827505827, 'anger': 5.516705516705517, 'disgust': 4.584304584304584}",joy
AwhBTrzzqeg,"{'joy': 32.645817722916746, 'trust': 18.87841621642939, 'anticipation': 14.867689395433214, 'surprise': 8.088496273218441, 'sadness': 6.692432070039832, 'anger': 6.589896281105808, 'fear': 6.459754702843397, 'disgust': 5.777497338013172}",joy
Axg27gwEqCE,"{'joy': 34.70055844405931, 'trust': 16.93305090185506, 'anticipation': 14.070222735734001, 'surprise': 8.748956929199563, 'sadness': 7.587136529944155, 'anger': 6.35470826112074, 'fear': 5.988831118813788, 'disgust': 5.616535079273381}",joy
BDA6rPA0Fcs,"{'joy': 27.410536779324058, 'anticipation': 17.2713717693837, 'trust': 16.94831013916501, 'surprise': 10.064612326043736, 'sadness': 8.026838966202783, 'disgust': 7.256461232604374, 'anger': 6.858846918489066, 'fear': 6.163021868787276}",anticipation
D-qQneOnJl0,"{'joy': 25.59683350994203, 'trust': 17.989154148226643, 'anticipation': 17.746057470547903, 'surprise': 9.256373496228886, 'anger': 8.922894720438821, 'disgust': 7.031103908246587, 'sadness': 6.822290095368697, 'fear': 6.635292651000436}",anticipation
D_gkHpZ2oRI,"{'joy': 32.67477203647417, 'trust': 19.50354609929078, 'anticipation': 14.58966565349544, 'surprise': 7.700101317122594, 'disgust': 6.838905775075988, 'sadness': 6.5856129685916915, 'anger': 6.231003039513678, 'fear': 5.8763931104356635}",joy
EB_Z-8kBNm8,"{'joy': 34.8469387755102, 'trust': 18.21428571428571, 'anticipation': 16.071428571428573, 'sadness': 8.928571428571429, 'surprise': 8.724489795918368, 'disgust': 4.795918367346939, 'fear': 4.23469387755102, 'anger': 4.183673469387755}",joy
EobMnSpjfTU,"{'joy': 31.905530291917266, 'trust': 18.160481150066012, 'anticipation': 16.12146105324923, 'surprise': 7.987384479976529, 'sadness': 7.356608478802992, 'disgust': 6.747836291623882, 'anger': 5.904356755170896, 'fear': 5.816341499193194}",disgust
ExTP2rYqguE,"{'joy': 35.010385414262636, 'trust': 19.01684744980383, 'anticipation': 15.255019616893605, 'surprise': 8.423724901915532, 'sadness': 7.500576967459035, 'anger': 5.400415416570505, 'fear': 4.731133164089545, 'disgust': 4.661897069005308}",joy
FIDsKWis3jo,"{'joy': 32.83139534883721, 'trust': 18.226744186046513, 'anticipation': 15.83139534883721, 'surprise': 7.924418604651162, 'sadness': 7.3313953488372094, 'fear': 6.122093023255814, 'anger': 5.970930232558139, 'disgust': 5.761627906976744}",joy
GiYK_6FxNts,"{'joy': 22.31177511303322, 'trust': 19.16650285040299, 'anticipation': 15.903282877924122, 'sadness': 9.84863377236092, 'anger': 9.455474739532141, 'surprise': 8.629840770591704, 'fear': 7.352073913898172, 'disgust': 7.332415962256733}",trust
HphRKCxIK_Q,"{'joy': 33.79833578071463, 'trust': 19.48115516397455, 'anticipation': 15.051395007342144, 'surprise': 8.443465491923643, 'sadness': 7.244248653940284, 'disgust': 5.457660303475281, 'anger': 5.4331864904552125, 'fear': 5.090553108174253}",joy
IxlzRwNX63A,"{'joy': 38.43989769820972, 'anticipation': 16.982097186700766, 'trust': 14.987212276214834, 'sadness': 9.974424552429667, 'surprise': 9.948849104859335, 'fear': 3.4782608695652173, 'disgust': 3.29923273657289, 'anger': 2.8900255754475705}",joy
JKUWL85Betk,"{'joy': 30.971128608923888, 'trust': 19.42257217847769, 'anticipation': 16.447944006999123, 'sadness': 9.973753280839896, 'surprise': 6.386701662292213, 'fear': 5.94925634295713, 'disgust': 5.511811023622047, 'anger': 5.336832895888014}",trust
Jzqu48uup54,"{'trust': 28.310607811416688, 'joy': 18.881442107695865, 'anticipation': 16.801479084816272, 'sadness': 8.874508897619599, 'anger': 7.8345273861798015, 'fear': 7.25675987982436, 'disgust': 6.309221169401432, 'surprise': 5.731453663045991}",anticipation
KHfP3InQc94,"{'joy': 29.22811421399435, 'trust': 20.524788202070912, 'anticipation': 17.249764668967682, 'surprise': 8.59742704737998, 'sadness': 7.424694069657986, 'fear': 6.291182930655789, 'disgust': 5.859742704737998, 'anger': 4.8242861625353}",anticipation
KIqQ0gowzt4,"{'joy': 37.58710206312338, 'trust': 17.90545156442137, 'anticipation': 15.220658559912556, 'surprise': 8.49159721273398, 'sadness': 6.127886323268205, 'fear': 5.779478070774696, 'anger': 5.028009290886733, 'disgust': 3.859816914879082}",joy
KuYsILv6Fd0,"{'joy': 34.267413931144915, 'trust': 18.06778756338404, 'anticipation': 15.505737923672273, 'surprise': 7.499332799572992, 'sadness': 7.472644782492662, 'fear': 6.511876167600747, 'disgust': 5.657859621030157, 'anger': 5.017347211102216}",joy
KyI8i1-cN8s,"{'joy': 25.877303711184048, 'trust': 20.31052764453421, 'anticipation': 17.470335773794496, 'sadness': 8.280737187578895, 'surprise': 7.586468063620298, 'anger': 7.031052764453421, 'fear': 6.980560464529159, 'disgust': 6.463014390305479}",anticipation
Li8ubUzLB90,"{'joy': 37.00980392156863, 'trust': 16.42156862745098, 'anticipation': 15.441176470588236, 'surprise': 9.558823529411764, 'sadness': 6.61764705882353, 'fear': 6.127450980392156, 'disgust': 5.147058823529411, 'anger': 3.6764705882352944}",joy
LpVraZRIjrY,"{'joy': 30.72303627191929, 'anticipation': 17.12707182320442, 'trust': 15.565697814076387, 'surprise': 10.353110737448954, 'sadness': 7.734806629834254, 'disgust': 6.29353831371607, 'anger': 6.173432620706222, 'fear': 6.029305789094403}",anticipation
NXrwxbxeqCE,"{'joy': 35.5977229601518, 'trust': 17.685009487666033, 'anticipation': 15.06641366223909, 'surprise': 8.38709677419355, 'sadness': 7.969639468690702, 'anger': 5.1233396584440225, 'disgust': 5.1233396584440225, 'fear': 5.047438330170778}",joy
P-7mzzWtnVQ,"{'joy': 33.61234632487575, 'trust': 17.970180486528903, 'anticipation': 16.766936960502225, 'surprise': 9.469003400470836, 'anger': 6.957886476589066, 'disgust': 5.806957886476589, 'sadness': 5.309965995291656, 'fear': 4.106722469264975}",joy
PKAM4M9OET8,"{'joy': 40.846824408468244, 'trust': 20.298879202988793, 'anticipation': 12.577833125778332, 'surprise': 7.721046077210461, 'sadness': 6.226650062266501, 'disgust': 5.230386052303861, 'anger': 3.61145703611457, 'fear': 3.4869240348692405}",joy
PWnDS45iDj4,"{'joy': 27.415183325726456, 'trust': 19.443176631675037, 'anticipation': 17.434961204929255, 'surprise': 9.097824433287691, 'fear': 7.287387798569907, 'sadness': 7.013540240377301, 'anger': 6.374562604594554, 'disgust': 5.933363760839799}",anticipation
PqpCeiYycVM,"{'joy': 29.07134202836576, 'anticipation': 15.501389779773358, 'trust': 15.394483643361129, 'surprise': 9.650060580143967, 'anger': 8.331551564393129, 'sadness': 8.203264200698454, 'fear': 7.918181170265839, 'disgust': 5.929727032998361}",surprise
Pt_5Faa_J-U,"{'joy': 29.066194953914902, 'trust': 17.36337398752444, 'anticipation': 16.925798342798622, 'surprise': 9.542873103063028, 'sadness': 7.960152685969649, 'fear': 7.057071036216367, 'anger': 6.675356112093846, 'disgust': 5.4091797784191415}",anticipation
QMCR45FyfzU,"{'joy': 29.206770660471292, 'trust': 19.43245934284766, 'anticipation': 17.57384666445403, 'surprise': 8.38035180882841, 'sadness': 7.567208762031198, 'fear': 6.173249253235977, 'anger': 5.874543644208431, 'disgust': 5.791569863923001}",anticipation
Qc0iJpQcdis,"{'joy': 35.578947368421055, 'trust': 18.842105263157894, 'anticipation': 13.263157894736842, 'anger': 7.684210526315789, 'sadness': 7.473684210526316, 'surprise': 7.2631578947368425, 'disgust': 5.684210526315789, 'fear': 4.2105263157894735}",joy
QvoPw_5Sz8U,"{'joy': 34.77188655980271, 'trust': 19.728729963008632, 'anticipation': 15.782983970406905, 'surprise': 8.508014796547473, 'sadness': 6.535141800246609, 'anger': 5.425400739827373, 'disgust': 5.178791615289765, 'fear': 4.069050554870531}",joy
RDn0K9UzCpc,"{'joy': 36.995780590717295, 'trust': 16.40506329113924, 'anticipation': 15.358649789029535, 'sadness': 8.0, 'surprise': 7.864978902953587, 'fear': 5.721518987341772, 'anger': 4.928270042194092, 'disgust': 4.725738396624473}",joy
RF-Mqs2qC-M,"{'trust': 19.449284918130584, 'joy': 17.499489787908757, 'anticipation': 15.565393491263599, 'anger': 10.819636101037693, 'sadness': 10.064522206000094, 'disgust': 9.378483178699822, 'fear': 9.128871724830844, 'surprise': 8.094318592128605}",trust
RNjlfo_8u4s,"{'joy': 25.77854671280277, 'anticipation': 19.492502883506344, 'trust': 16.878123798539026, 'surprise': 9.554017685505576, 'sadness': 9.15032679738562, 'fear': 7.208765859284891, 'disgust': 6.747404844290658, 'anger': 5.190311418685121}",anticipation
RjVfU9WcPxE,"{'joy': 29.500594530321045, 'trust': 19.120095124851368, 'anticipation': 17.265160523186683, 'surprise': 7.954815695600476, 'sadness': 7.5267538644470875, 'anger': 6.373365041617123, 'fear': 6.206896551724138, 'disgust': 6.052318668252081}",anticipation
S1_L6RGDggk,"{'joy': 29.141716566866265, 'trust': 18.283433133732537, 'anticipation': 16.886227544910177, 'sadness': 9.181636726546905, 'surprise': 8.70259481037924, 'anger': 6.58682634730539, 'fear': 6.107784431137724, 'disgust': 5.1097804391217565}",anticipation
SVO-iq2bjTQ,"{'joy': 36.87315634218289, 'trust': 16.906342182890853, 'anticipation': 15.43141592920354, 'surprise': 8.314896755162241, 'sadness': 7.817109144542774, 'fear': 5.272861356932154, 'disgust': 4.738200589970502, 'anger': 4.646017699115045}",joy
SrlAlMsdr3g,"{'joy': 30.841017664703923, 'trust': 16.931452060882123, 'anticipation': 15.853794022886348, 'surprise': 8.921230974336185, 'disgust': 7.121430952116431, 'anger': 7.021442061993112, 'sadness': 6.849238973447394, 'fear': 6.460393289634485}",disgust
TPEdTajhR6A,"{'joy': 34.217660728117735, 'trust': 18.396591789310612, 'anticipation': 15.93725793958172, 'surprise': 8.326878388845856, 'sadness': 7.66847405112316, 'fear': 5.209140201394268, 'disgust': 5.1510457010069715, 'anger': 5.092951200619675}",joy
UAUfo6KY1wg,"{'joy': 32.71939328277356, 'trust': 21.23510292524377, 'anticipation': 16.143011917659805, 'sadness': 7.403394727338389, 'surprise': 7.258938244853738, 'anger': 5.3448898519321055, 'fear': 5.308775731310942, 'disgust': 4.586493318887685}",joy
UYEWJcmWKGQ,"{'joy': 45.55555555555556, 'trust': 18.021680216802167, 'anticipation': 15.0, 'surprise': 8.130081300813007, 'sadness': 5.650406504065041, 'fear': 2.8319783197831976, 'disgust': 2.4119241192411924, 'anger': 2.3983739837398375}",joy
VTPdktgrtF8,"{'joy': 29.025143361270402, 'trust': 19.982355535950596, 'anticipation': 18.570798411998236, 'fear': 7.41067490074989, 'sadness': 7.190119100132334, 'surprise': 6.6166740185266875, 'anger': 6.263784737538597, 'disgust': 4.94044993383326}",anticipation
VabOWgtG2D4,"{'joy': 36.01910828025478, 'trust': 18.05732484076433, 'anticipation': 15.764331210191083, 'surprise': 7.86624203821656, 'sadness': 7.356687898089172, 'fear': 5.605095541401274, 'anger': 4.681528662420382, 'disgust': 4.64968152866242}",joy
VxvfhuxOE1I,"{'joy': 28.283664459161145, 'trust': 18.405077262693155, 'anticipation': 15.673289183222957, 'surprise': 8.664459161147903, 'sadness': 8.47130242825607, 'disgust': 7.0364238410596025, 'fear': 6.843267108167771, 'anger': 6.622516556291391}",disgust
VyEf4EBXe8o,"{'joy': 20.663188522123004, 'anticipation': 16.790408347546904, 'trust': 16.594762716965988, 'anger': 12.054780776562657, 'sadness': 9.446172368817097, 'fear': 9.019765225243303, 'disgust': 8.65857329186315, 'surprise': 6.772348750877898}",anticipation
VylU-ueLA_g,"{'joy': 25.792811839323466, 'trust': 20.190274841437635, 'anticipation': 17.12473572938689, 'sadness': 8.0338266384778, 'anger': 7.6109936575052854, 'surprise': 7.188160676532769, 'fear': 7.188160676532769, 'disgust': 6.871035940803383}",anticipation
X89WJTXA8KQ,"{'joy': 40.87332808811959, 'trust': 17.38788355625492, 'anticipation': 16.679779701022817, 'surprise': 8.575924468922109, 'sadness': 5.468135326514555, 'disgust': 4.130605822187254, 'fear': 3.6978756884343036, 'anger': 3.1864673485444537}",joy
XNrTIQjHuKs,"{'joy': 31.13515370084149, 'trust': 17.58543705993474, 'anticipation': 16.41765413017345, 'surprise': 8.294693456980937, 'anger': 7.315816589386914, 'fear': 6.714751846127426, 'sadness': 6.3369397217928904, 'disgust': 6.19955349476215}",anger
XxPPdlo72ho,"{'joy': 40.33232628398791, 'trust': 15.911379657603222, 'anticipation': 14.602215508559919, 'surprise': 9.415911379657603, 'sadness': 5.589123867069486, 'fear': 4.884189325276939, 'anger': 4.783484390735146, 'disgust': 4.481369587109768}",joy
YQC7OtyHhxU,"{'joy': 34.69225888324873, 'trust': 18.02030456852792, 'anticipation': 16.434010152284266, 'surprise': 8.45494923857868, 'sadness': 7.534898477157361, 'fear': 5.552030456852792, 'disgust': 4.917512690355331, 'anger': 4.394035532994924}",joy
_Jqi9k3tXoQ,"{'joy': 33.57859531772575, 'trust': 17.725752508361204, 'anticipation': 15.65217391304348, 'sadness': 8.561872909698996, 'surprise': 7.424749163879599, 'fear': 5.8193979933110365, 'anger': 5.68561872909699, 'disgust': 5.551839464882943}",joy
_Zr3ObadDnI,"{'joy': 31.444924658334305, 'trust': 18.25721294241327, 'anticipation': 17.55636023828992, 'surprise': 8.60880738231515, 'sadness': 7.452400420511622, 'anger': 5.711949538605303, 'fear': 5.700268660203248, 'disgust': 5.268076159327181}",anticipation
aB7JCNRI3rY,"{'joy': 38.289703315881326, 'trust': 18.708551483420592, 'anticipation': 15.427574171029669, 'surprise': 9.284467713787086, 'sadness': 6.457242582897033, 'fear': 4.0837696335078535, 'disgust': 3.909249563699826, 'anger': 3.8394415357766145}",joy
aTSgJgRnqG0,"{'joy': 32.138728323699425, 'anticipation': 19.13294797687861, 'trust': 15.086705202312139, 'surprise': 8.053949903660888, 'sadness': 6.9364161849710975, 'fear': 6.339113680154143, 'disgust': 6.165703275529865, 'anger': 6.146435452793835}",anticipation
eOfOrQJWeP0,"{'joy': 27.722772277227726, 'trust': 16.831683168316832, 'anticipation': 16.633663366336634, 'sadness': 9.702970297029703, 'anger': 8.91089108910891, 'fear': 6.9306930693069315, 'disgust': 6.9306930693069315, 'surprise': 6.336633663366337}",sadness
eyUs2JgrV9E,"{'joy': 35.692025664527954, 'trust': 18.490681332111215, 'anticipation': 16.22364802933089, 'surprise': 8.927589367552704, 'sadness': 7.619920562175373, 'fear': 5.035135960892148, 'anger': 4.344637946837763, 'disgust': 3.666361136571952}",joy
fsYZye1Ykao,"{'joy': 35.947712418300654, 'trust': 17.21132897603486, 'anticipation': 13.899782135076252, 'sadness': 10.457516339869281, 'surprise': 8.191721132897603, 'fear': 4.923747276688453, 'anger': 4.793028322440087, 'disgust': 4.57516339869281}",joy
gKUyX7cjum4,"{'joy': 40.092707449239406, 'trust': 16.863615590520336, 'anticipation': 15.074753541816282, 'surprise': 8.474244303714826, 'sadness': 6.469935365933277, 'fear': 5.027094078474898, 'anger': 4.19142129659855, 'disgust': 3.8062283737024223}",joy
gO_gm74yiUY,"{'joy': 33.4175205657382, 'trust': 18.249386635878192, 'anticipation': 16.517534997835185, 'surprise': 6.876894212729109, 'fear': 6.674844854957425, 'sadness': 6.393418963775437, 'disgust': 5.953240005772839, 'anger': 5.9171597633136095}",joy
hJaXjItxL6w,"{'joy': 21.708364922921405, 'trust': 18.19560272934041, 'anticipation': 17.26055092241597, 'anger': 9.021986353297953, 'sadness': 8.996714682840535, 'disgust': 8.440737932777356, 'surprise': 8.289107910032852, 'fear': 8.086934546373516}",anticipation
haK2TnmVoT0,"{'joy': 29.408168256297383, 'trust': 19.54022988505747, 'anticipation': 16.116409880166298, 'surprise': 10.454878943506971, 'sadness': 6.921007581315725, 'anger': 5.906089508437271, 'disgust': 5.86940572267058, 'fear': 5.783810222548301}",trust
iY1UnR7z7P0,"{'joy': 15.555047967108267, 'anticipation': 15.121059844677937, 'trust': 14.77843764275925, 'anger': 13.316582914572864, 'disgust': 12.220191868433075, 'sadness': 11.37505710370032, 'fear': 9.616263133851072, 'surprise': 8.017359524897213}",sadness
jOzaz27K48E,"{'joy': 25.950871632329637, 'trust': 17.67036450079239, 'anticipation': 15.966719492868462, 'sadness': 10.182250396196514, 'surprise': 8.75594294770206, 'fear': 7.369255150554675, 'disgust': 7.091917591125198, 'anger': 7.012678288431062}",sadness
jY3P-f6q-ZI,"{'joy': 36.43654114365412, 'trust': 18.444909344490934, 'anticipation': 15.550906555090654, 'surprise': 8.577405857740587, 'sadness': 7.112970711297072, 'disgust': 5.125523012552302, 'fear': 5.0557880055788, 'anger': 3.695955369595537}",joy
jwfI8BlFwMw,"{'joy': 24.233226837060702, 'trust': 17.268370607028753, 'anticipation': 16.421725239616613, 'disgust': 13.162939297124602, 'surprise': 8.083067092651758, 'sadness': 7.44408945686901, 'fear': 6.932907348242812, 'anger': 6.453674121405751}",disgust
kavjzsRtuuA,"{'joy': 35.064935064935064, 'trust': 18.987908643081056, 'anticipation': 15.80832960143305, 'surprise': 9.270040304523063, 'sadness': 7.299596954769369, 'fear': 4.746977160770264, 'anger': 4.567845947156292, 'disgust': 4.2543663233318405}",joy
l2mtebeR3rA,"{'joy': 31.385416666666664, 'trust': 18.70138888888889, 'anticipation': 16.375, 'surprise': 8.229166666666666, 'sadness': 7.944444444444445, 'fear': 5.965277777777778, 'anger': 5.704861111111112, 'disgust': 5.694444444444445}",trust
n50DZvVAulM,"{'joy': 30.52219321148825, 'trust': 18.03307223672759, 'anticipation': 16.362053959965188, 'surprise': 9.06875543951262, 'sadness': 8.511749347258487, 'disgust': 6.057441253263708, 'fear': 5.7702349869451695, 'anger': 5.674499564838991}",sadness
ou3h0twV9TY,"{'joy': 31.778058007566205, 'trust': 14.50189155107188, 'anticipation': 12.736443883984869, 'sadness': 10.08827238335435, 'surprise': 8.953341740226985, 'anger': 8.575031525851198, 'fear': 7.440100882723834, 'disgust': 5.926860025220681}",sadness
pJ8hLOkhl7M,"{'joy': 23.086344151867728, 'anticipation': 16.717697489283527, 'trust': 16.595223515003063, 'sadness': 9.736680955296999, 'fear': 9.369259032455602, 'surprise': 8.38946723821188, 'disgust': 8.328230251071647, 'anger': 7.777097366809553}",sadness
qNthtD7KmiA,"{'joy': 35.46592489568845, 'anticipation': 14.464534075104313, 'trust': 14.255910987482615, 'surprise': 8.6230876216968, 'sadness': 8.136300417246176, 'disgust': 6.884561891515995, 'anger': 6.189151599443671, 'fear': 5.980528511821975}",joy
qmHAvgEBnsk,"{'joy': 25.763062596999482, 'trust': 20.58975685463011, 'anticipation': 15.907915157785826, 'disgust': 10.036213140196585, 'surprise': 7.7858251422659075, 'sadness': 7.19089498189343, 'fear': 7.061562338334196, 'anger': 5.664769787894464}",trust
rHyIOIstYRA,"{'joy': 28.74892887746358, 'trust': 15.509854327335045, 'anticipation': 13.967437874892887, 'fear': 9.023136246786633, 'sadness': 8.58611825192802, 'disgust': 8.217652099400171, 'surprise': 8.20051413881748, 'anger': 7.746358183376179}",sadness
sQTGkLW6fwg,"{'joy': 24.847560975609756, 'trust': 23.09451219512195, 'anticipation': 14.329268292682926, 'fear': 8.460365853658537, 'sadness': 7.926829268292683, 'surprise': 7.850609756097561, 'anger': 7.317073170731707, 'disgust': 6.173780487804878}",trust
uXYyyhUcFg4,"{'joy': 30.66223790741125, 'trust': 19.067884575461903, 'anticipation': 15.216940004151963, 'sadness': 8.812538924641894, 'surprise': 8.303923603902843, 'disgust': 6.996055636288147, 'fear': 5.67780776416857, 'anger': 5.2626115839734275}",trust
uZDNGVmHxn4,"{'joy': 27.46091169345959, 'trust': 18.057696542611758, 'anticipation': 16.824487998238276, 'surprise': 8.588416648315349, 'sadness': 8.059898700726713, 'anger': 7.509359171988549, 'fear': 6.7606254129046475, 'disgust': 6.73860383175512}",anticipation
ua0-5FZ2Eww,"{'joy': 23.633743487418247, 'trust': 20.76266489302738, 'anticipation': 17.647710896796365, 'fear': 7.914865314266711, 'anger': 7.682075157964749, 'sadness': 7.58230794812105, 'surprise': 7.5379669659682955, 'disgust': 7.238665336437202}",anticipation
v293iGJ2PVY,"{'joy': 35.02400960384154, 'trust': 16.77671068427371, 'anticipation': 14.675870348139256, 'surprise': 7.923169267707082, 'anger': 7.082833133253301, 'disgust': 6.452581032412966, 'fear': 6.362545018007203, 'sadness': 5.702280912364946}",joy
vDD1lhHkGxk,"{'joy': 26.2747450509898, 'anticipation': 17.456508698260347, 'trust': 15.536892621475703, 'surprise': 10.137972405518896, 'sadness': 8.818236352729453, 'fear': 7.798440311937613, 'anger': 7.138572285542892, 'disgust': 6.838632273545291}",anticipation
vGqYP1sKJ2Y,"{'joy': 27.623369256948383, 'anticipation': 14.208735110606922, 'trust': 14.06693136698809, 'surprise': 12.847419171866136, 'sadness': 8.13953488372093, 'fear': 8.026091888825865, 'disgust': 7.827566647759501, 'anger': 7.260351673284175}",surprise
vvrjhuJrFVc,"{'joy': 42.33793014563732, 'trust': 16.767624693903855, 'anticipation': 14.421961592988788, 'surprise': 9.485758474030158, 'sadness': 5.980152081453795, 'disgust': 3.8278128624822787, 'fear': 3.7375950509086224, 'anger': 3.4411650985951803}",joy
vx09_4cEzlM,"{'joy': 26.285941133102703, 'trust': 16.508818692224807, 'anticipation': 15.385924119548575, 'anger': 9.056881982646175, 'surprise': 8.841376963647706, 'sadness': 8.654227868201668, 'fear': 8.024726365337719, 'disgust': 7.242102875290649}",sadness
w4HmK4JCN2U,"{'joy': 32.771961766044605, 'trust': 17.79699590350478, 'anticipation': 16.681838871187985, 'surprise': 10.355029585798817, 'sadness': 7.487482931269914, 'fear': 5.41647701411015, 'disgust': 5.279927173418298, 'anger': 4.210286754665453}",joy
xT8n0uBIURk,"{'joy': 29.311926605504585, 'trust': 18.990825688073397, 'anticipation': 18.211009174311926, 'fear': 8.119266055045872, 'anger': 7.660550458715597, 'surprise': 7.614678899082569, 'disgust': 5.091743119266055, 'sadness': 5.0}",anticipation
xqv0yo_Elj4,"{'joy': 37.84860557768924, 'trust': 19.52191235059761, 'anticipation': 15.139442231075698, 'surprise': 8.565737051792828, 'fear': 4.9800796812749, 'anger': 4.9800796812749, 'sadness': 4.780876494023905, 'disgust': 4.183266932270916}",joy
yKn3Ur6_w3c,"{'joy': 32.87456445993031, 'trust': 16.881533101045296, 'anticipation': 14.773519163763066, 'surprise': 8.449477351916377, 'sadness': 7.595818815331011, 'anger': 6.550522648083623, 'disgust': 6.550522648083623, 'fear': 6.32404181184669}",joy
yjhibJ-OqxE,"{'joy': 30.259873733666126, 'trust': 18.0039641755983, 'anticipation': 17.25884598443694, 'surprise': 8.801938041403613, 'sadness': 7.792541477022463, 'fear': 6.1077668477462925, 'anger': 6.023344589634415, 'disgust': 5.751725150491851}",anticipation
zEXXe9Ef_R8,"{'joy': 28.528453246427677, 'trust': 16.495362246176988, 'anticipation': 15.542742541990473, 'sadness': 8.632071530040946, 'surprise': 8.297819002256205, 'disgust': 8.005348040444556, 'fear': 7.905072282109134, 'anger': 6.593131110554023}",sadness
zPUSDU0hrwE,"{'joy': 40.420736288504884, 'trust': 18.106686701728027, 'anticipation': 12.321562734785875, 'surprise': 9.691960931630353, 'sadness': 6.7618332081142, 'fear': 4.808414725770098, 'anger': 4.207362885048836, 'disgust': 3.6814425244177307}",joy
za-ogD7nLi8,"{'joy': 30.22556390977444, 'trust': 18.930659983291562, 'anticipation': 15.705931495405178, 'surprise': 9.12280701754386, 'sadness': 8.755221386800335, 'fear': 5.981620718462824, 'disgust': 5.8312447786132, 'anger': 5.446950710108605}",trust
zgacuXdzCmw,"{'joy': 25.52652529492654, 'trust': 23.380618079177825, 'anticipation': 21.028443222117684, 'fear': 7.856264022580879, 'sadness': 6.81406962437577, 'surprise': 5.974524136932764, 'anger': 5.417239632336976, 'disgust': 4.002315987551567}",anticipation
