Video ID,Emotion_Percentages
-TeeIEh2IE8,"{'positive': 24.464654816039687, 'joy': 17.627118644067796, 'anticipation': 11.93881769326168, 'trust': 11.012815212897891, 'negative': 9.011988424968996, 'surprise': 7.102108309218686, 'sadness': 6.663910706903679, 'disgust': 4.0843323687474165, 'fear': 4.05952873088053, 'anger': 4.034725093013642}"
-zkOLKMiX9c,"{'positive': 30.66933066933067, 'joy': 23.476523476523475, 'trust': 10.68931068931069, 'anticipation': 9.756909756909756, 'negative': 6.460206460206461, 'surprise': 5.228105228105228, 'sadness': 4.828504828504829, 'fear': 3.1635031635031634, 'disgust': 2.9637029637029637, 'anger': 2.763902763902764}"
0K9eZCW-lvc,"{'positive': 31.560093139888952, 'joy': 22.532688518717535, 'trust': 12.824646247537167, 'anticipation': 10.263299301450832, 'surprise': 5.821243059287121, 'negative': 5.086870857961669, 'sadness': 4.119648934264732, 'disgust': 2.830019702668816, 'fear': 2.704639082930324, 'anger': 2.2568511552928534}"
0_BEwbnmRZ4,"{'positive': 28.1972854138788, 'joy': 18.447715541961387, 'negative': 10.284840374689352, 'trust': 9.443701013190594, 'anticipation': 8.105524756260753, 'sadness': 6.518830051615369, 'surprise': 5.926209137832155, 'fear': 4.9894857579812655, 'anger': 4.39686484419805, 'disgust': 3.689543108392277}"
5WH-PSs9hI8,"{'positive': 31.865640884736912, 'joy': 24.955351009754086, 'trust': 11.560653935980216, 'anticipation': 9.74721802445391, 'negative': 6.1684297293584285, 'surprise': 4.931996153317764, 'sadness': 3.5856573705179287, 'anger': 2.617117735952741, 'disgust': 2.3080093419425745, 'fear': 2.2599258139854377}"
5vNoHwgoIjw,"{'positive': 29.027801038352035, 'joy': 21.801205828169486, 'trust': 11.698208005359238, 'anticipation': 10.450510802210685, 'negative': 6.862334617317033, 'surprise': 5.5015910232791825, 'sadness': 4.341818790822308, 'fear': 3.7891475464746276, 'anger': 3.3160274660860827, 'disgust': 3.211354881929325}"
5zvsAwsEwPg,"{'positive': 35.56782334384858, 'joy': 28.87749737118822, 'trust': 11.39589905362776, 'anticipation': 9.213985278654048, 'surprise': 5.28391167192429, 'sadness': 3.548895899053628, 'negative': 2.6288117770767614, 'fear': 1.5115667718191377, 'disgust': 1.0383806519453207, 'anger': 0.9332281808622502}"
7R2RyqU4hjI,"{'positive': 26.675321463897134, 'joy': 17.229228486646882, 'trust': 11.943620178041543, 'anticipation': 10.410484668644907, 'negative': 8.531157270029674, 'surprise': 7.109297725024728, 'sadness': 5.588526211671612, 'fear': 4.574678536102868, 'anger': 4.172848664688427, 'disgust': 3.7648367952522257}"
7Z76MiQv0zg,"{'positive': 29.38574938574939, 'joy': 23.00737100737101, 'trust': 12.41932841932842, 'anticipation': 10.352170352170353, 'surprise': 6.8697788697788695, 'negative': 4.7796887796887795, 'sadness': 4.196560196560196, 'disgust': 3.2923832923832927, 'anger': 3.158067158067158, 'fear': 2.538902538902539}"
7cGmj0AR3z8,"{'positive': 27.200656096227448, 'joy': 18.698742482230728, 'trust': 11.016949152542372, 'anticipation': 9.950792782941498, 'negative': 8.392564242755604, 'sadness': 5.90486604702023, 'surprise': 5.19409513395298, 'anger': 4.866047020229634, 'fear': 4.592673592126846, 'disgust': 4.182613449972663}"
80z6drP0NY8,"{'positive': 23.045486851457, 'joy': 14.14356787491116, 'anticipation': 12.38450604122246, 'trust': 12.149964463397298, 'negative': 11.279317697228144, 'sadness': 6.28997867803838, 'fear': 5.66453447050462, 'anger': 5.518834399431414, 'disgust': 4.847192608386639, 'surprise': 4.676616915422885}"
8MkcEzfyCFM,"{'positive': 27.440381558028616, 'joy': 19.42766295707472, 'anticipation': 11.828298887122417, 'trust': 10.747217806041336, 'surprise': 7.662957074721781, 'sadness': 7.186009538950715, 'negative': 6.5818759936407, 'anger': 3.4340222575516695, 'fear': 3.052464228934817, 'disgust': 2.6391096979332276}"
9KapEXWynrA,"{'positive': 30.486104656566592, 'joy': 22.5113858165257, 'trust': 11.31146017287852, 'anticipation': 9.852216748768473, 'negative': 7.937540663630449, 'surprise': 4.879635653871177, 'sadness': 3.8014685379682125, 'fear': 3.271679524119342, 'disgust': 2.983548656938377, 'anger': 2.964959568733154}"
9OvibwfflDg,"{'positive': 32.33262152995855, 'joy': 25.021982163044843, 'trust': 10.26252983293556, 'anticipation': 8.868232634091195, 'negative': 6.4564753171712095, 'surprise': 4.7481472176862205, 'sadness': 3.6678809194824775, 'anger': 3.16543147845748, 'disgust': 2.8890842858937322, 'fear': 2.587614621278734}"
9p9sGtV4UoU,"{'positive': 28.770425930886685, 'joy': 21.350120546477363, 'trust': 11.009911599249932, 'anticipation': 9.96517546209483, 'negative': 8.009643718189125, 'surprise': 5.786230913474418, 'sadness': 4.795070988481114, 'disgust': 4.553978033753014, 'anger': 3.0002678810608088, 'fear': 2.759174926332708}"
ATGZ58IRwfE,"{'positive': 31.02154046997389, 'joy': 24.135117493472585, 'trust': 10.656005221932114, 'anticipation': 10.01958224543081, 'negative': 5.580939947780679, 'surprise': 5.499347258485639, 'sadness': 3.8348563968668405, 'fear': 3.1494778067885116, 'anger': 3.0842036553524808, 'disgust': 3.0189295039164494}"
AkTkUOOCZ-w,"{'positive': 28.827930174563594, 'joy': 21.197007481296758, 'trust': 12.26932668329177, 'anticipation': 9.825436408977556, 'negative': 6.982543640897755, 'surprise': 5.785536159600998, 'sadness': 4.887780548628429, 'fear': 3.7406483790523692, 'anger': 3.541147132169576, 'disgust': 2.942643391521197}"
AwhBTrzzqeg,"{'positive': 28.550145258609987, 'joy': 20.554714076428375, 'trust': 11.886375487299183, 'anticipation': 9.361110421374121, 'negative': 8.487075708290915, 'surprise': 5.092742035606982, 'sadness': 4.2137412161994385, 'anger': 4.149181833983065, 'fear': 4.067241079631515, 'disgust': 3.637672882576416}"
Axg27gwEqCE,"{'positive': 29.122563243287424, 'joy': 22.09326086068086, 'trust': 10.780988189137277, 'anticipation': 8.95827373411255, 'negative': 7.209121745882545, 'surprise': 5.57031345784462, 'sadness': 4.830601986186603, 'anger': 4.045935673709591, 'fear': 3.812987862192979, 'disgust': 3.5759532469655486}"
BDA6rPA0Fcs,"{'positive': 25.571148825065276, 'joy': 17.99934725848564, 'anticipation': 11.341383812010445, 'trust': 11.129242819843341, 'negative': 8.763054830287206, 'surprise': 6.609007832898173, 'sadness': 5.27088772845953, 'disgust': 4.765013054830288, 'anger': 4.503916449086162, 'fear': 4.046997389033943}"
D-qQneOnJl0,"{'positive': 23.52767153392642, 'joy': 17.355197261373963, 'trust': 12.197028928850665, 'anticipation': 12.032204213595927, 'negative': 8.670202649874268, 'surprise': 6.276018003930435, 'anger': 6.049912304798935, 'disgust': 4.767237918137058, 'sadness': 4.625657714007988, 'fear': 4.498869471504342}"
D_gkHpZ2oRI,"{'positive': 28.914473684210527, 'joy': 21.217105263157894, 'trust': 12.664473684210526, 'anticipation': 9.473684210526317, 'negative': 6.151315789473684, 'surprise': 5.0, 'disgust': 4.440789473684211, 'sadness': 4.276315789473684, 'anger': 4.046052631578948, 'fear': 3.8157894736842106}"
EB_Z-8kBNm8,"{'positive': 31.128155960370723, 'joy': 21.82806008309364, 'trust': 11.409395973154362, 'anticipation': 10.06711409395973, 'negative': 6.2320230105465, 'sadness': 5.592841163310962, 'surprise': 5.465004793863854, 'disgust': 3.004154682007031, 'fear': 2.652604666027485, 'anger': 2.620645573665708}"
EobMnSpjfTU,"{'positive': 27.879246711460205, 'joy': 20.582946910192106, 'trust': 11.715718747042681, 'anticipation': 10.400302829563737, 'negative': 7.608592788871013, 'surprise': 5.152834295448093, 'sadness': 4.745907069177629, 'disgust': 4.353174978707297, 'anger': 3.8090281063688844, 'fear': 3.7522475631683547}"
ExTP2rYqguE,"{'positive': 30.183727034120732, 'joy': 22.120151647710703, 'trust': 12.015164771070284, 'anticipation': 9.638378536016331, 'negative': 6.63458734324876, 'surprise': 5.322251385243511, 'sadness': 4.7389909594634005, 'anger': 3.4120734908136483, 'fear': 2.989209682123068, 'disgust': 2.9454651501895595}"
FIDsKWis3jo,"{'positive': 28.360868758121406, 'joy': 20.96528680155931, 'trust': 11.639131241878596, 'anticipation': 10.109522925561537, 'negative': 7.781696677185818, 'surprise': 5.060330425097457, 'sadness': 4.68164098756265, 'fear': 3.909411546315203, 'anger': 3.812882866159272, 'disgust': 3.6792277705587524}"
GiYK_6FxNts,"{'positive': 23.092445453398916, 'joy': 14.314541556312271, 'negative': 12.750662126371548, 'trust': 12.296632614453273, 'anticipation': 10.20305208727456, 'sadness': 6.31857737419599, 'anger': 6.066338756463614, 'surprise': 5.536637659225628, 'fear': 4.716862151595409, 'disgust': 4.70425022070879}"
HphRKCxIK_Q,"{'positive': 29.17886304113388, 'joy': 21.275612386381145, 'trust': 12.26313356955785, 'anticipation': 9.474657217686026, 'negative': 7.872438761361885, 'surprise': 5.31505160992143, 'sadness': 4.560160221845633, 'disgust': 3.435526113079649, 'anger': 3.4201201663842244, 'fear': 3.204436912648282}"
IxlzRwNX63A,"{'positive': 32.34916559691913, 'joy': 24.11745827984596, 'anticipation': 10.654685494223363, 'trust': 9.403080872913993, 'sadness': 6.258023106546855, 'surprise': 6.241976893453145, 'negative': 4.910141206675225, 'fear': 2.1822849807445444, 'disgust': 2.069961489088575, 'anger': 1.8132220795892169}"
JKUWL85Betk,"{'positive': 27.723311546840957, 'joy': 19.28104575163399, 'trust': 12.091503267973856, 'anticipation': 10.239651416122005, 'negative': 10.021786492374728, 'sadness': 6.209150326797386, 'surprise': 3.9760348583877994, 'fear': 3.7037037037037033, 'disgust': 3.431372549019608, 'anger': 3.32244008714597}"
Jzqu48uup54,"{'positive': 27.840743969776227, 'trust': 17.800058122638767, 'joy': 11.871548968323161, 'anticipation': 10.56378959604766, 'negative': 9.28509154315606, 'sadness': 5.579773321708806, 'anger': 4.925893635571055, 'fear': 4.562627143272305, 'disgust': 3.966870095902354, 'surprise': 3.6036036036036037}"
KHfP3InQc94,"{'positive': 28.041942216299127, 'joy': 18.738213181120976, 'trust': 13.15849028137494, 'anticipation': 11.058864945057708, 'negative': 7.8478211672408165, 'surprise': 5.511830823002841, 'sadness': 4.759988936106012, 'fear': 4.033292262817772, 'disgust': 3.7566949131232867, 'anger': 3.0928612738565215}"
KIqQ0gowzt4,"{'positive': 31.086365181910914, 'joy': 23.384903094185653, 'trust': 11.139918395103706, 'anticipation': 9.469568174090446, 'negative': 6.698401904114247, 'surprise': 5.283066984019041, 'sadness': 3.8124787487249234, 'fear': 3.5957157429445767, 'anger': 3.1281876912614757, 'disgust': 2.4013940836450187}"
KuYsILv6Fd0,"{'positive': 29.128672745694022, 'joy': 21.681864235055727, 'trust': 11.43194866599122, 'anticipation': 9.810874704491725, 'negative': 7.598784194528875, 'surprise': 4.745018574805808, 'sadness': 4.7281323877068555, 'fear': 4.120229652144546, 'disgust': 3.579871664978048, 'anger': 3.1746031746031744}"
KyI8i1-cN8s,"{'positive': 26.705370101596515, 'joy': 16.529592001290112, 'trust': 12.973713917110144, 'anticipation': 11.159490404773424, 'negative': 9.417835832930173, 'sadness': 5.289469440412837, 'surprise': 4.845992581841639, 'anger': 4.4912110949846795, 'fear': 4.458958232543138, 'disgust': 4.128366392517336}"
Li8ubUzLB90,"{'positive': 31.182795698924732, 'joy': 23.195084485407065, 'trust': 10.291858678955453, 'anticipation': 9.67741935483871, 'negative': 6.1443932411674345, 'surprise': 5.990783410138248, 'sadness': 4.147465437788019, 'fear': 3.840245775729647, 'disgust': 3.225806451612903, 'anger': 2.3041474654377883}"
LpVraZRIjrY,"{'positive': 28.364421149992292, 'joy': 19.716355788500078, 'anticipation': 10.991213195622013, 'trust': 9.989209187605981, 'negative': 7.461075998150147, 'surprise': 6.644057345460151, 'sadness': 4.963773701248651, 'disgust': 4.038846924618468, 'anger': 3.9617696932326187, 'fear': 3.8692770155696006}"
NXrwxbxeqCE,"{'positive': 29.02305681007844, 'joy': 22.296173044925123, 'trust': 11.076776800570478, 'anticipation': 9.436653197052532, 'negative': 8.343237461373901, 'surprise': 5.253149512716901, 'sadness': 4.9916805324459235, 'anger': 3.2089374851438075, 'disgust': 3.2089374851438075, 'fear': 3.1613976705490847}"
P-7mzzWtnVQ,"{'positive': 28.19139747797547, 'joy': 22.197270685783383, 'trust': 11.867334600103645, 'anticipation': 11.072724131974434, 'surprise': 6.253238901364658, 'negative': 5.769562964242529, 'anger': 4.594921402660217, 'disgust': 3.8348592157540162, 'sadness': 3.506650544135429, 'fear': 2.7120400760062187}"
PKAM4M9OET8,"{'positive': 33.18352059925094, 'joy': 24.56928838951311, 'trust': 12.209737827715356, 'anticipation': 7.5655430711610485, 'negative': 6.666666666666667, 'surprise': 4.644194756554307, 'sadness': 3.7453183520599254, 'disgust': 3.146067415730337, 'anger': 2.1722846441947565, 'fear': 2.0973782771535583}"
PWnDS45iDj4,"{'positive': 27.764842840512223, 'joy': 17.481567714396583, 'trust': 12.39813736903376, 'anticipation': 11.117578579743888, 'negative': 8.469150174621653, 'surprise': 5.8013193636010865, 'fear': 4.646876212650368, 'sadness': 4.472254559565386, 'anger': 4.064804035700427, 'disgust': 3.783469150174622}"
PqpCeiYycVM,"{'positive': 25.988382986696646, 'joy': 19.107176316282555, 'anticipation': 10.188308038223722, 'trust': 10.118043844856661, 'negative': 8.286490537755293, 'surprise': 6.342514521266629, 'anger': 5.475922803072887, 'sadness': 5.391605771032415, 'fear': 5.204234588720255, 'disgust': 3.8973205920929366}"
Pt_5Faa_J-U,"{'positive': 26.38997650743931, 'joy': 18.80609601831215, 'trust': 11.234262996205048, 'anticipation': 10.95114752123366, 'negative': 8.909101861333655, 'surprise': 6.174326847780255, 'sadness': 5.150292151075236, 'fear': 4.5659900006023735, 'anger': 4.319016926691163, 'disgust': 3.499789169327149}"
QMCR45FyfzU,"{'positive': 28.64374604513816, 'joy': 18.561484918793504, 'trust': 12.349715249947268, 'anticipation': 11.168529846024047, 'negative': 7.804260704492723, 'surprise': 5.3258806159038174, 'sadness': 4.809112001687408, 'fear': 3.9232229487449906, 'anger': 3.73338958025733, 'disgust': 3.6806580890107568}"
Qc0iJpQcdis,"{'positive': 29.869281045751634, 'joy': 22.091503267973856, 'trust': 11.699346405228757, 'anticipation': 8.235294117647058, 'negative': 8.03921568627451, 'anger': 4.771241830065359, 'sadness': 4.640522875816994, 'surprise': 4.509803921568627, 'disgust': 3.5294117647058822, 'fear': 2.6143790849673203}"
QvoPw_5Sz8U,"{'positive': 31.32621951219512, 'joy': 21.49390243902439, 'trust': 12.195121951219512, 'anticipation': 9.75609756097561, 'negative': 6.859756097560976, 'surprise': 5.259146341463414, 'sadness': 4.039634146341464, 'anger': 3.353658536585366, 'disgust': 3.201219512195122, 'fear': 2.5152439024390247}"
RDn0K9UzCpc,"{'positive': 29.748427672955973, 'joy': 22.9769392033543, 'trust': 10.18867924528302, 'anticipation': 9.538784067085954, 'negative': 8.144654088050315, 'sadness': 4.968553459119497, 'surprise': 4.884696016771488, 'fear': 3.5534591194968552, 'anger': 3.060796645702306, 'disgust': 2.9350104821802936}"
RF-Mqs2qC-M,"{'positive': 19.69995803608896, 'negative': 13.473562736046999, 'trust': 12.997272345782626, 'joy': 11.694292908099035, 'anticipation': 10.40180444817457, 'anger': 7.230381871590433, 'sadness': 6.725765841376416, 'disgust': 6.26731011330256, 'fear': 6.100503566932438, 'surprise': 5.409148132605958}"
RNjlfo_8u4s,"{'positive': 25.281179705073733, 'joy': 16.758310422394402, 'anticipation': 12.671832041989504, 'trust': 10.972256935766058, 'negative': 9.71007248187953, 'surprise': 6.210947263184204, 'sadness': 5.948512871782055, 'fear': 4.686328417895526, 'disgust': 4.386403399150213, 'anger': 3.3741564608847785}"
RjVfU9WcPxE,"{'positive': 26.329481980258628, 'joy': 18.983854923865636, 'trust': 12.30392531945826, 'anticipation': 11.1102609227944, 'negative': 9.319764327798607, 'surprise': 5.118983854923866, 'sadness': 4.843522840309129, 'anger': 4.1013084398194195, 'fear': 3.994184711913689, 'disgust': 3.894712678858367}"
S1_L6RGDggk,"{'positive': 27.742907356264123, 'joy': 18.327893547577204, 'trust': 11.498870198342956, 'anticipation': 10.620135576198846, 'negative': 9.364800401707257, 'sadness': 5.774541802661311, 'surprise': 5.473261360783329, 'anger': 4.142606075822244, 'fear': 3.841325633944263, 'disgust': 3.2136580466984683}"
SVO-iq2bjTQ,"{'positive': 30.6969732111794, 'joy': 23.193784065870346, 'trust': 10.634349994201555, 'anticipation': 9.70659863156674, 'negative': 6.401484402180216, 'surprise': 5.230198306853763, 'sadness': 4.917082221964514, 'fear': 3.31671112141946, 'disgust': 2.9804012524643397, 'anger': 2.922416792299664}"
SrlAlMsdr3g,"{'positive': 26.563575127657263, 'joy': 20.10647158946873, 'trust': 11.038279071451852, 'anticipation': 10.335711440263644, 'negative': 8.242494477238981, 'surprise': 5.816101111795168, 'disgust': 4.642740738058161, 'anger': 4.577554050628327, 'sadness': 4.4652880889436135, 'fear': 4.21178430449426}"
TPEdTajhR6A,"{'positive': 29.134053919741582, 'joy': 21.953037644427877, 'trust': 11.80270841098273, 'anticipation': 10.224872654988197, 'negative': 6.708907938874395, 'surprise': 5.3422785439185, 'sadness': 4.919865821841222, 'fear': 3.3420300658466893, 'disgust': 3.3047583550751645, 'anger': 3.26748664430364}"
UAUfo6KY1wg,"{'positive': 28.816270566727603, 'joy': 20.70383912248629, 'trust': 13.43692870201097, 'anticipation': 10.214808043875685, 'negative': 7.9067641681901275, 'sadness': 4.684643510054844, 'surprise': 4.5932358318098725, 'anger': 3.3820840950639854, 'fear': 3.3592321755027426, 'disgust': 2.902193784277879}"
UYEWJcmWKGQ,"{'positive': 34.05575386707462, 'joy': 28.57385687574367, 'trust': 11.303756586775455, 'anticipation': 9.408465068842427, 'surprise': 5.099439061703213, 'sadness': 3.5441101478837327, 'negative': 3.221145673975863, 'fear': 1.776304606493286, 'disgust': 1.5128335883052866, 'anger': 1.5043345232024476}"
VTPdktgrtF8,"{'positive': 27.55244755244755, 'joy': 18.405594405594407, 'trust': 12.671328671328672, 'anticipation': 11.776223776223777, 'negative': 9.034965034965035, 'fear': 4.699300699300699, 'sadness': 4.559440559440559, 'surprise': 4.195804195804196, 'anger': 3.972027972027972, 'disgust': 3.132867132867133}"
VabOWgtG2D4,"{'positive': 30.29335461983636, 'joy': 22.570345240470964, 'trust': 11.315106765116743, 'anticipation': 9.878267810816205, 'negative': 7.044502095390142, 'surprise': 4.929155857114349, 'sadness': 4.609858311714229, 'fear': 3.5122729994013167, 'anger': 2.9335461983636, 'disgust': 2.9135901017760926}"
VxvfhuxOE1I,"{'positive': 26.54755459303375, 'joy': 18.49846598086988, 'trust': 12.037538350478252, 'anticipation': 10.250857245984479, 'negative': 8.04908861216387, 'surprise': 5.666847139505505, 'sadness': 5.540516152319077, 'disgust': 4.60205739036275, 'fear': 4.475726403176322, 'anger': 4.331348132106118}"
VyEf4EBXe8o,"{'positive': 21.516465863453817, 'negative': 14.43855421686747, 'joy': 13.233734939759037, 'anticipation': 10.753413654618473, 'trust': 10.628112449799197, 'anger': 7.720481927710843, 'sadness': 6.0497991967871485, 'fear': 5.776706827309237, 'disgust': 5.545381526104418, 'surprise': 4.337349397590361}"
VylU-ueLA_g,"{'positive': 26.308724832214764, 'joy': 16.375838926174495, 'trust': 12.818791946308725, 'anticipation': 10.87248322147651, 'negative': 10.201342281879194, 'sadness': 5.100671140939597, 'anger': 4.832214765100671, 'surprise': 4.563758389261745, 'fear': 4.563758389261745, 'disgust': 4.3624161073825505}"
X89WJTXA8KQ,"{'positive': 33.09582309582309, 'joy': 25.528255528255528, 'trust': 10.859950859950859, 'anticipation': 10.417690417690418, 'surprise': 5.356265356265356, 'negative': 4.447174447174447, 'sadness': 3.4152334152334154, 'disgust': 2.5798525798525795, 'fear': 2.30958230958231, 'anger': 1.99017199017199}"
XNrTIQjHuKs,"{'positive': 28.903335820100178, 'joy': 19.322178407758713, 'trust': 10.913353937972929, 'anticipation': 10.188639028029414, 'negative': 9.037621229883833, 'surprise': 5.147607375039966, 'anger': 4.54012575935202, 'fear': 4.16711073217521, 'sadness': 3.9326441436640733, 'disgust': 3.8473835660236597}"
XxPPdlo72ho,"{'positive': 33.415233415233416, 'joy': 24.6007371007371, 'trust': 9.705159705159705, 'anticipation': 8.906633906633907, 'surprise': 5.743243243243244, 'negative': 5.589680589680589, 'sadness': 3.4090909090909087, 'fear': 2.979115479115479, 'anger': 2.9176904176904177, 'disgust': 2.7334152334152333}"
YQC7OtyHhxU,"{'positive': 29.379045307443363, 'joy': 22.11771844660194, 'trust': 11.488673139158575, 'anticipation': 10.477346278317153, 'negative': 6.866909385113269, 'surprise': 5.39037216828479, 'sadness': 4.8038025889967635, 'fear': 3.539644012944984, 'disgust': 3.1351132686084147, 'anger': 2.801375404530744}"
_Jqi9k3tXoQ,"{'positive': 30.420445177246496, 'joy': 20.69249793899423, 'trust': 10.923330585325639, 'anticipation': 9.64550700741962, 'negative': 7.955482275350372, 'sadness': 5.276174773289365, 'surprise': 4.575432811211871, 'fear': 3.5861500412201153, 'anger': 3.503709810387469, 'disgust': 3.4212695795548225}"
_Zr3ObadDnI,"{'positive': 29.56502539191875, 'joy': 19.813056598218886, 'trust': 11.503643188341798, 'anticipation': 11.062044601457275, 'negative': 7.426216236108045, 'surprise': 5.424302642231544, 'sadness': 4.695664973872084, 'anger': 3.5990284831088544, 'fear': 3.5916685066607785, 'disgust': 3.31934937808199}"
aB7JCNRI3rY,"{'positive': 33.41957740405347, 'joy': 23.652436394997846, 'trust': 11.556705476498491, 'anticipation': 9.529969814575248, 'surprise': 5.735230702889176, 'negative': 4.808106942647693, 'sadness': 3.988788270806382, 'fear': 2.522639068564036, 'disgust': 2.414833980163864, 'anger': 2.3717119448037947}"
aTSgJgRnqG0,"{'positive': 28.34761321909425, 'joy': 20.416156670746634, 'anticipation': 12.15422276621787, 'trust': 9.583843329253366, 'negative': 8.127294981640148, 'surprise': 5.116279069767442, 'sadness': 4.406364749082008, 'fear': 4.026927784577723, 'disgust': 3.9167686658506726, 'anger': 3.90452876376989}"
eOfOrQJWeP0,"{'positive': 26.82634730538922, 'joy': 16.766467065868262, 'negative': 12.694610778443113, 'trust': 10.179640718562874, 'anticipation': 10.059880239520957, 'sadness': 5.868263473053893, 'anger': 5.389221556886228, 'fear': 4.191616766467066, 'disgust': 4.191616766467066, 'surprise': 3.8323353293413174}"
eyUs2JgrV9E,"{'positive': 29.5341295578581, 'joy': 23.09973898600016, 'trust': 11.967096416989637, 'anticipation': 10.499881357272798, 'surprise': 5.77790081468006, 'negative': 5.746262754093174, 'sadness': 4.931582693980859, 'fear': 3.2587202404492603, 'anger': 2.8118326346594955, 'disgust': 2.372854544016452}"
fsYZye1Ykao,"{'positive': 30.153683094859566, 'joy': 21.860095389507155, 'trust': 10.466348701642818, 'negative': 9.035506094329623, 'anticipation': 8.452570217276099, 'sadness': 6.359300476947535, 'surprise': 4.9814520402755695, 'fear': 2.9941706412294646, 'anger': 2.9146793852676205, 'disgust': 2.7821939586645468}"
gKUyX7cjum4,"{'positive': 33.05193246379131, 'joy': 24.569896775226056, 'trust': 10.334480275266063, 'anticipation': 9.238217172121308, 'negative': 5.665359686324718, 'surprise': 5.193246379130991, 'sadness': 3.964951588381212, 'fear': 3.080739377450588, 'anger': 2.5686164679523085, 'disgust': 2.332559814355445}"
gO_gm74yiUY,"{'positive': 28.662303784723814, 'joy': 21.193538053178344, 'trust': 11.57384101414123, 'anticipation': 10.475493112443367, 'negative': 7.917257791405427, 'surprise': 4.361356459658597, 'fear': 4.23321587112718, 'sadness': 4.0547343371012765, 'disgust': 3.7755709120864034, 'anger': 3.752688664134365}"
hJaXjItxL6w,"{'positive': 22.851465474416294, 'joy': 14.224209306176519, 'trust': 11.922503725782414, 'negative': 11.624441132637854, 'anticipation': 11.309819506540817, 'anger': 5.911574764033781, 'sadness': 5.895015731081306, 'disgust': 5.530717006126842, 'surprise': 5.431362808411989, 'fear': 5.298890544792184}"
haK2TnmVoT0,"{'positive': 26.38186986734049, 'joy': 18.990840176879342, 'trust': 12.618445988629185, 'anticipation': 10.407454200884397, 'negative': 9.041377132027794, 'surprise': 6.7514213518635495, 'sadness': 4.46936197094125, 'anger': 3.81396083385976, 'disgust': 3.790271636133923, 'fear': 3.734996841440303}"
iY1UnR7z7P0,"{'positive': 18.247170388498013, 'negative': 14.790455796879778, 'joy': 10.416029366778831, 'anticipation': 10.125420617925972, 'trust': 9.89599265830529, 'anger': 8.917100030590394, 'disgust': 8.182930559804221, 'sadness': 7.617008259406546, 'fear': 6.439278066687059, 'surprise': 5.368614255123891}"
jOzaz27K48E,"{'positive': 27.001013171225935, 'joy': 16.590678824721376, 'trust': 11.296859169199596, 'anticipation': 10.207700101317123, 'negative': 9.067882472137791, 'sadness': 6.509625126646404, 'surprise': 5.597771023302938, 'fear': 4.711246200607903, 'disgust': 4.5339412360688955, 'anger': 4.4832826747720365}"
jY3P-f6q-ZI,"{'positive': 31.703094568275265, 'joy': 22.61415278078338, 'trust': 11.447738584721922, 'anticipation': 9.65159056481281, 'negative': 6.232417225708721, 'surprise': 5.323523046959532, 'sadness': 4.414628868210344, 'disgust': 3.1811296256221597, 'fear': 3.1378489504436264, 'anger': 2.2938757844622377}"
jwfI8BlFwMw,"{'positive': 23.706810465348514, 'joy': 15.148791691631716, 'negative': 13.780707010185738, 'trust': 10.794887157978831, 'anticipation': 10.265628120631117, 'disgust': 8.22848012782105, 'surprise': 5.052925903734772, 'sadness': 4.653485120830837, 'fear': 4.333932494507689, 'anger': 4.0343519073297385}"
kavjzsRtuuA,"{'positive': 31.565796779566906, 'joy': 21.737923375902277, 'trust': 11.771238200999445, 'anticipation': 9.80011104941699, 'negative': 6.440866185452526, 'surprise': 5.746807329261521, 'sadness': 4.525263742365353, 'fear': 2.9428095502498612, 'anger': 2.8317601332593, 'disgust': 2.637423653525819}"
l2mtebeR3rA,"{'positive': 28.022576272692934, 'joy': 20.08532764482368, 'trust': 11.968091016154478, 'anticipation': 10.479301379908005, 'negative': 7.981690109548252, 'surprise': 5.266315578961402, 'sadness': 5.084105504077506, 'fear': 3.817523276226029, 'anger': 3.6508677199297823, 'disgust': 3.6442014976779324}"
n50DZvVAulM,"{'positive': 26.93597142071998, 'joy': 19.274525968672712, 'trust': 11.38774388568288, 'anticipation': 10.332508931025007, 'negative': 9.914811761472931, 'surprise': 5.726848035174498, 'sadness': 5.375103050288541, 'disgust': 3.8252267106347895, 'fear': 3.643858202802968, 'anger': 3.583402033525694}"
ou3h0twV9TY,"{'positive': 29.577464788732392, 'joy': 19.718309859154928, 'trust': 8.998435054773083, 'negative': 8.37245696400626, 'anticipation': 7.902973395931142, 'sadness': 6.259780907668231, 'surprise': 5.555555555555555, 'anger': 5.320813771517996, 'fear': 4.616588419405321, 'disgust': 3.6776212832550863}"
pJ8hLOkhl7M,"{'positive': 25.227362593910634, 'joy': 14.907077896401741, 'anticipation': 10.794780545670225, 'trust': 10.715697904310003, 'negative': 10.201660735468565, 'sadness': 6.287069988137604, 'fear': 6.049822064056939, 'surprise': 5.417160933175167, 'disgust': 5.3776196124950575, 'anger': 5.021747726374061}"
qNthtD7KmiA,"{'positive': 30.602716468590828, 'joy': 21.64685908319185, 'anticipation': 8.828522920203735, 'trust': 8.70118845500849, 'negative': 8.3616298811545, 'surprise': 5.263157894736842, 'sadness': 4.966044142614601, 'disgust': 4.202037351443124, 'anger': 3.777589134125637, 'fear': 3.65025466893039}"
qmHAvgEBnsk,"{'positive': 28.430566967953986, 'joy': 16.36811832374692, 'trust': 13.081347576006575, 'anticipation': 10.106820049301561, 'negative': 8.036154478225143, 'disgust': 6.376335250616269, 'surprise': 4.9465899753492195, 'sadness': 4.56861133935908, 'fear': 4.4864420706655705, 'anger': 3.599013968775678}"
rHyIOIstYRA,"{'positive': 27.135867519759127, 'joy': 18.03860422603366, 'negative': 10.118823592666272, 'trust': 9.73170600569923, 'anticipation': 8.763912038281628, 'fear': 5.661594709392978, 'sadness': 5.387386418624658, 'disgust': 5.156191193074896, 'surprise': 5.145437926770256, 'anger': 4.860476369697295}"
sQTGkLW6fwg,"{'positive': 24.09456740442656, 'joy': 16.398390342052313, 'trust': 15.241448692152918, 'negative': 9.909456740442655, 'anticipation': 9.456740442655935, 'fear': 5.583501006036217, 'sadness': 5.23138832997988, 'surprise': 5.181086519114688, 'anger': 4.82897384305835, 'disgust': 4.0744466800804835}"
uXYyyhUcFg4,"{'positive': 29.113342521493735, 'joy': 19.387018441950516, 'trust': 12.056179037868347, 'anticipation': 9.621316532125746, 'negative': 7.658987989761765, 'sadness': 5.571962984839535, 'surprise': 5.250377370873531, 'disgust': 4.42344293496095, 'fear': 3.5899455273347773, 'anger': 3.3274266587911008}"
uZDNGVmHxn4,"{'positive': 26.565167899829255, 'joy': 17.743312464428, 'trust': 11.667615253272624, 'anticipation': 10.870802504268639, 'negative': 8.821855435401252, 'surprise': 5.549231644849175, 'sadness': 5.20774046670461, 'anger': 4.852020489470689, 'fear': 4.368241320432555, 'disgust': 4.354012521343199}"
ua0-5FZ2Eww,"{'positive': 24.97076878105817, 'joy': 15.580239695995324, 'trust': 13.68751826951184, 'anticipation': 11.63402513884829, 'negative': 9.105524700380005, 'fear': 5.217772581116632, 'anger': 5.064308681672026, 'sadness': 4.998538439052909, 'surprise': 4.969307220111078, 'disgust': 4.771996492253727}"
v293iGJ2PVY,"{'positive': 29.466313398940198, 'joy': 22.08554125662377, 'trust': 10.579106737320213, 'anticipation': 9.25435276305829, 'negative': 7.475397426192279, 'surprise': 4.996214988644966, 'anger': 4.466313398940197, 'disgust': 4.0688872066616195, 'fear': 4.0121120363361085, 'sadness': 3.5957607872823623}"
vDD1lhHkGxk,"{'positive': 27.075399847677073, 'joy': 16.67936024371668, 'anticipation': 11.081492764661082, 'trust': 9.862909367859862, 'negative': 9.444021325209444, 'surprise': 6.435643564356436, 'sadness': 5.597867479055598, 'fear': 4.9504950495049505, 'anger': 4.531607006854531, 'disgust': 4.341203351104341}"
vGqYP1sKJ2Y,"{'positive': 25.943732193732195, 'joy': 17.343304843304843, 'negative': 11.271367521367521, 'anticipation': 8.92094017094017, 'trust': 8.831908831908832, 'surprise': 8.066239316239317, 'sadness': 5.110398860398861, 'fear': 5.039173789173789, 'disgust': 4.914529914529915, 'anger': 4.5584045584045585}"
vvrjhuJrFVc,"{'positive': 33.01727601446364, 'joy': 26.39614302932905, 'trust': 10.453997589393332, 'anticipation': 8.991562876657293, 'surprise': 5.914021695460024, 'negative': 4.636400160707111, 'sadness': 3.72840498192045, 'disgust': 2.386500602651667, 'fear': 2.330253113700281, 'anger': 2.1454399357171554}"
vx09_4cEzlM,"{'positive': 25.162070102186572, 'joy': 16.976156466322383, 'trust': 10.661832033109915, 'negative': 10.255283302201224, 'anticipation': 9.936636999597113, 'anger': 5.849174083434055, 'surprise': 5.709995238618467, 'sadness': 5.589129399699667, 'fear': 5.182580668790975, 'disgust': 4.677141706039629}"
w4HmK4JCN2U,"{'positive': 28.954698724527194, 'joy': 21.11127400674388, 'trust': 11.464594634217857, 'anticipation': 10.7462248937106, 'surprise': 6.6705761618531, 'negative': 6.626594341005718, 'sadness': 4.823339686263011, 'fear': 3.489224453892391, 'disgust': 3.401260812197625, 'anger': 2.7122122855886235}"
xT8n0uBIURk,"{'positive': 27.595385980479147, 'joy': 18.899733806566104, 'trust': 12.244897959183673, 'anticipation': 11.742088139603668, 'negative': 7.92664892043774, 'fear': 5.235137533274179, 'anger': 4.939367051168293, 'surprise': 4.909790002957705, 'disgust': 3.2830523513753325, 'sadness': 3.2238982549541557}"
xqv0yo_Elj4,"{'positive': 34.53488372093023, 'joy': 22.093023255813954, 'trust': 11.395348837209303, 'anticipation': 8.837209302325581, 'negative': 7.093023255813953, 'surprise': 5.0, 'fear': 2.9069767441860463, 'anger': 2.9069767441860463, 'sadness': 2.7906976744186047, 'disgust': 2.441860465116279}"
yKn3Ur6_w3c,"{'positive': 28.835631429196763, 'joy': 20.650032829940905, 'trust': 10.604070912672357, 'anticipation': 9.279929962792734, 'negative': 8.349748303786386, 'surprise': 5.3075071131538625, 'sadness': 4.771284745020792, 'anger': 4.114685926898664, 'disgust': 4.114685926898664, 'fear': 3.9724228496388707}"
yjhibJ-OqxE,"{'positive': 27.79269729093051, 'joy': 19.420494699646643, 'trust': 11.554770318021202, 'anticipation': 11.076560659599528, 'negative': 8.02826855123675, 'surprise': 5.648998822143699, 'sadness': 5.001177856301531, 'fear': 3.9199057714958774, 'anger': 3.865724381625442, 'disgust': 3.6914016489988226}"
zEXXe9Ef_R8,"{'positive': 26.195716356218803, 'joy': 18.32626550002684, 'trust': 10.59638198507703, 'anticipation': 9.984432873476837, 'negative': 9.56573084975039, 'sadness': 5.545117827043857, 'surprise': 5.330398840517473, 'disgust': 5.142519727306887, 'fear': 5.078104031348972, 'anger': 4.235332009232916}"
zPUSDU0hrwE,"{'positive': 33.02454840203798, 'joy': 24.91894395553497, 'trust': 11.162575266327003, 'anticipation': 7.596109309865678, 'surprise': 5.974988420565077, 'negative': 5.326540064844836, 'sadness': 4.168596572487263, 'fear': 2.9643353404353867, 'anger': 2.5937934228809634, 'disgust': 2.269569245020843}"
za-ogD7nLi8,"{'positive': 27.63803360818286, 'joy': 18.88111888111888, 'trust': 11.82548794489093, 'negative': 9.894583028911388, 'anticipation': 9.81108443795011, 'surprise': 5.698778833107191, 'sadness': 5.469157707963678, 'fear': 3.7365619455171695, 'disgust': 3.642626030685732, 'anger': 3.4025675816720593}"
zgacuXdzCmw,"{'positive': 25.686716609692827, 'joy': 17.101849831502896, 'trust': 15.664169515358692, 'anticipation': 14.08829733071496, 'negative': 7.316895774238126, 'fear': 5.263413096710064, 'sadness': 4.565180497975611, 'surprise': 4.002715348995078, 'anger': 3.629354862171794, 'disgust': 2.68140713263995}"
